{
  "labels": [
    "Nov",
    "Dec",
    "Jan",
    "Feb",
    "Mar",
    "Apr",
    "May",
    "Jun",
    "Jul",
    "Aug",
    "Sep",
    "Oct"
  ],
  "pogoh_daily_avg": [
    1445.7,
    635.7096774193549,
    513.3225806451613,
    840.8214285714286,
    1157.5806451612902,
    1580.8,
    1058.7096774193549,
    1207.5333333333333,
    1414.516129032258,
    2096.7419354838707,
    3369.3333333333335,
    2957.967741935484
  ],
  "pogoh_campus_daily": [
    1099.2,
    479.741935483871,
    408.7096774193548,
    669.6785714285714,
    811.4516129032259,
    1145.4666666666667,
    520.516129032258,
    613.0333333333333,
    649.741935483871,
    1237.967741935484,
    2535.2,
    2287.7741935483873
  ],
  "pogoh_city_daily": [
    346.5,
    155.96774193548387,
    104.61290322580645,
    171.14285714285714,
    346.1290322580645,
    435.3333333333333,
    538.1935483870968,
    594.5,
    764.7741935483871,
    858.7741935483871,
    834.1333333333333,
    670.1935483870968
  ],
  "all_prt_labels": [
    "2023-01",
    "2023-05",
    "2023-09",
    "2024-01",
    "2024-05",
    "2024-09",
    "2025-01",
    "2025-05"
  ],
  "all_prt_values": [
    488580.00000000006,
    610180.0000000001,
    675500.0,
    411320.0,
    860800.0,
    733449.9999999999,
    610730.0,
    834730.0
  ]
}